GEO.id,GEO.id2,GEO.display-label,HD01_VD01,HD01_VD02,HD01_VD03,HD01_VD04,HD01_VD05,HD01_VD06,HD01_VD07,HD01_VD08,HD01_VD09,HD01_VD10,HD01_VD11,HD01_VD12,HD01_VD13,HD01_VD14,HD01_VD15,HD01_VD16,HD01_VD17,HD01_VD18,HD01_VD19,HD01_VD20,HD01_VD21
Id,Id2,Geography,Estimate; Total:,Estimate; Not Hispanic or Latino:,Estimate; Not Hispanic or Latino: - White alone,Estimate; Not Hispanic or Latino: - Black or African American alone,Estimate; Not Hispanic or Latino: - American Indian and Alaska Native alone,Estimate; Not Hispanic or Latino: - Asian alone,Estimate; Not Hispanic or Latino: - Native Hawaiian and Other Pacific Islander alone,Estimate; Not Hispanic or Latino: - Some other race alone,Estimate; Not Hispanic or Latino: - Two or more races:,Estimate; Not Hispanic or Latino: - Two or more races: - Two races including Some other race,"Estimate; Not Hispanic or Latino: - Two or more races: - Two races excluding Some other race, and three or more races",Estimate; Hispanic or Latino:,Estimate; Hispanic or Latino: - White alone,Estimate; Hispanic or Latino: - Black or African American alone,Estimate; Hispanic or Latino: - American Indian and Alaska Native alone,Estimate; Hispanic or Latino: - Asian alone,Estimate; Hispanic or Latino: - Native Hawaiian and Other Pacific Islander alone,Estimate; Hispanic or Latino: - Some other race alone,Estimate; Hispanic or Latino: - Two or more races:,Estimate; Hispanic or Latino: - Two or more races: - Two races including Some other race,"Estimate; Hispanic or Latino: - Two or more races: - Two races excluding Some other race, and three or more races"
1400000US33001965100,33001965100,"Census Tract 9651, Belknap County, New Hampshire",3276,3250,2935,81,7,66,0,0,161,0,161,26,20,0,0,0,0,0,6,6,0
1400000US33001965200,33001965200,"Census Tract 9652, Belknap County, New Hampshire",3130,3012,2888,0,0,22,0,0,102,0,102,118,82,0,0,0,0,0,36,15,21
1400000US33001965300,33001965300,"Census Tract 9653, Belknap County, New Hampshire",3204,3189,3154,28,0,7,0,0,0,0,0,15,15,0,0,0,0,0,0,0,0
1400000US33001965400,33001965400,"Census Tract 9654, Belknap County, New Hampshire",2973,2926,2804,16,0,31,16,0,59,0,59,47,47,0,0,0,0,0,0,0,0
1400000US33001965598,33001965598,"Census Tract 9655.98, Belknap County, New Hampshire",3555,3506,3402,31,22,18,0,0,33,0,33,49,49,0,0,0,0,0,0,0,0
1400000US33001965600,33001965600,"Census Tract 9656, Belknap County, New Hampshire",3740,3661,3479,21,10,75,0,0,76,0,76,79,59,0,0,0,0,20,0,0,0
1400000US33001965700,33001965700,"Census Tract 9657, Belknap County, New Hampshire",4615,4587,4460,0,0,69,0,0,58,0,58,28,28,0,0,0,0,0,0,0,0
1400000US33001965800,33001965800,"Census Tract 9658, Belknap County, New Hampshire",7275,7135,7066,0,0,0,0,0,69,0,69,140,98,0,42,0,0,0,0,0,0
1400000US33001965900,33001965900,"Census Tract 9659, Belknap County, New Hampshire",3977,3888,3782,2,0,33,0,0,71,0,71,89,89,0,0,0,0,0,0,0,0
1400000US33001966000,33001966000,"Census Tract 9660, Belknap County, New Hampshire",5009,4859,4725,0,0,0,0,36,98,0,98,150,145,5,0,0,0,0,0,0,0
1400000US33001966100,33001966100,"Census Tract 9661, Belknap County, New Hampshire",4173,4063,3942,0,0,75,0,0,46,0,46,110,110,0,0,0,0,0,0,0,0
1400000US33001966200,33001966200,"Census Tract 9662, Belknap County, New Hampshire",3078,3077,2945,80,10,7,0,0,35,0,35,1,0,0,0,0,0,1,0,0,0
1400000US33001966401,33001966401,"Census Tract 9664.01, Belknap County, New Hampshire",1262,1207,1198,0,9,0,0,0,0,0,0,55,55,0,0,0,0,0,0,0,0
1400000US33001966402,33001966402,"Census Tract 9664.02, Belknap County, New Hampshire",5849,5839,5636,0,37,157,0,0,9,0,9,10,10,0,0,0,0,0,0,0,0
1400000US33001966500,33001966500,"Census Tract 9665, Belknap County, New Hampshire",5267,5233,5107,26,35,19,0,29,17,0,17,34,31,0,0,0,0,3,0,0,0
1400000US33003955100,33003955100,"Census Tract 9551, Carroll County, New Hampshire",3928,3897,3839,3,2,2,0,0,51,0,51,31,27,1,0,0,0,3,0,0,0
1400000US33003955300,33003955300,"Census Tract 9553, Carroll County, New Hampshire",6064,5991,5810,62,0,3,0,0,116,45,71,73,56,0,0,0,0,0,17,0,17
1400000US33003955400,33003955400,"Census Tract 9554, Carroll County, New Hampshire",4296,4231,3990,0,9,112,0,0,120,0,120,65,65,0,0,0,0,0,0,0,0
1400000US33003955500,33003955500,"Census Tract 9555, Carroll County, New Hampshire",2839,2831,2740,20,0,19,0,0,52,0,52,8,8,0,0,0,0,0,0,0,0
1400000US33003955600,33003955600,"Census Tract 9556, Carroll County, New Hampshire",5041,5012,4921,46,5,0,0,3,37,0,37,29,29,0,0,0,0,0,0,0,0
1400000US33003955800,33003955800,"Census Tract 9558, Carroll County, New Hampshire",2749,2749,2722,0,0,3,0,0,24,0,24,0,0,0,0,0,0,0,0,0,0
1400000US33003955900,33003955900,"Census Tract 9559, Carroll County, New Hampshire",4287,4198,3955,94,21,0,0,0,128,35,93,89,85,0,0,0,0,0,4,0,4
1400000US33003956000,33003956000,"Census Tract 9560, Carroll County, New Hampshire",5883,5799,5770,8,0,5,0,0,16,0,16,84,84,0,0,0,0,0,0,0,0
1400000US33003956100,33003956100,"Census Tract 9561, Carroll County, New Hampshire",6235,6065,5948,0,0,83,0,0,34,0,34,170,168,0,0,0,0,2,0,0,0
1400000US33003956300,33003956300,"Census Tract 9563, Carroll County, New Hampshire",4049,4018,3889,0,0,52,8,7,62,0,62,31,30,1,0,0,0,0,0,0,0
1400000US33003956400,33003956400,"Census Tract 9564, Carroll County, New Hampshire",2153,2084,2084,0,0,0,0,0,0,0,0,69,58,0,0,0,0,0,11,0,11
1400000US33005970100,33005970100,"Census Tract 9701, Cheshire County, New Hampshire",4141,4096,4008,9,9,12,0,7,51,0,51,45,25,0,0,0,0,9,11,11,0
1400000US33005970200,33005970200,"Census Tract 9702, Cheshire County, New Hampshire",3809,3800,3747,0,22,12,0,0,19,0,19,9,9,0,0,0,0,0,0,0,0
1400000US33005970400,33005970400,"Census Tract 9704, Cheshire County, New Hampshire",5109,4994,4899,23,3,20,0,5,44,0,44,115,85,0,0,0,0,0,30,0,30
1400000US33005970500,33005970500,"Census Tract 9705, Cheshire County, New Hampshire",5314,5276,5146,0,8,104,0,0,18,0,18,38,0,0,0,0,0,38,0,0,0
1400000US33005970600,33005970600,"Census Tract 9706, Cheshire County, New Hampshire",6005,5894,5591,67,0,120,0,0,116,0,116,111,34,4,0,0,0,11,62,44,18
1400000US33005970700,33005970700,"Census Tract 9707, Cheshire County, New Hampshire",3537,3515,3459,0,4,15,0,0,37,0,37,22,18,0,0,0,0,4,0,0,0
1400000US33005970800,33005970800,"Census Tract 9708, Cheshire County, New Hampshire",4307,4259,4020,39,14,78,5,0,103,0,103,48,14,0,6,0,0,15,13,0,13
1400000US33005970900,33005970900,"Census Tract 9709, Cheshire County, New Hampshire",7169,6990,6711,0,22,161,0,0,96,16,80,179,143,0,0,0,0,36,0,0,0
1400000US33005971000,33005971000,"Census Tract 9710, Cheshire County, New Hampshire",5686,5621,5107,54,0,250,0,0,210,73,137,65,0,0,0,0,0,0,65,39,26
1400000US33005971100,33005971100,"Census Tract 9711, Cheshire County, New Hampshire",5103,4948,4625,129,0,40,0,0,154,0,154,155,0,70,0,0,0,63,22,22,0
1400000US33005971300,33005971300,"Census Tract 9713, Cheshire County, New Hampshire",3290,3177,3030,39,0,47,0,0,61,9,52,113,71,0,0,0,0,0,42,42,0
1400000US33005971401,33005971401,"Census Tract 9714.01, Cheshire County, New Hampshire",5389,5167,4845,94,25,9,0,44,150,0,150,222,195,2,6,0,0,19,0,0,0
1400000US33005971402,33005971402,"Census Tract 9714.02, Cheshire County, New Hampshire",3736,3709,3563,0,0,64,0,0,82,0,82,27,27,0,0,0,0,0,0,0,0
1400000US33005971500,33005971500,"Census Tract 9715, Cheshire County, New Hampshire",5368,5328,5273,5,0,15,20,0,15,0,15,40,37,0,0,0,0,3,0,0,0
1400000US33005971600,33005971600,"Census Tract 9716, Cheshire County, New Hampshire",3925,3856,3813,30,0,0,0,0,13,0,13,69,57,0,0,0,0,12,0,0,0
1400000US33005971700,33005971700,"Census Tract 9717, Cheshire County, New Hampshire",4221,4177,4093,17,18,23,0,0,26,0,26,44,44,0,0,0,0,0,0,0,0
1400000US33007950100,33007950100,"Census Tract 9501, Coos County, New Hampshire",1921,1914,1841,8,3,0,7,0,55,0,55,7,7,0,0,0,0,0,0,0,0
1400000US33007950200,33007950200,"Census Tract 9502, Coos County, New Hampshire",2790,2779,2730,5,5,23,0,0,16,0,16,11,11,0,0,0,0,0,0,0,0
1400000US33007950300,33007950300,"Census Tract 9503, Coos County, New Hampshire",1869,1851,1823,3,0,5,0,0,20,2,18,18,18,0,0,0,0,0,0,0,0
1400000US33007950400,33007950400,"Census Tract 9504, Coos County, New Hampshire",3526,3513,3366,21,26,31,0,0,69,0,69,13,11,0,0,0,0,0,2,0,2
1400000US33007950500,33007950500,"Census Tract 9505, Coos County, New Hampshire",3341,3331,3267,32,0,0,0,0,32,25,7,10,10,0,0,0,0,0,0,0,0
1400000US33007950600,33007950600,"Census Tract 9506, Coos County, New Hampshire",4699,4322,3631,568,9,22,30,11,51,0,51,377,163,29,0,0,0,144,41,35,6
1400000US33007950700,33007950700,"Census Tract 9507, Coos County, New Hampshire",3239,3224,3203,0,0,0,0,0,21,0,21,15,15,0,0,0,0,0,0,0,0
1400000US33007950800,33007950800,"Census Tract 9508, Coos County, New Hampshire",2335,2328,2280,9,23,0,0,0,16,7,9,7,7,0,0,0,0,0,0,0,0
1400000US33007950900,33007950900,"Census Tract 9509, Coos County, New Hampshire",3041,2972,2849,2,40,58,0,0,23,0,23,69,32,0,0,0,0,0,37,0,37
1400000US33007951000,33007951000,"Census Tract 9510, Coos County, New Hampshire",2163,2154,2099,25,0,21,0,0,9,0,9,9,7,0,0,0,0,0,2,2,0
1400000US33007951100,33007951100,"Census Tract 9511, Coos County, New Hampshire",3195,3182,2969,66,31,22,0,0,94,0,94,13,11,0,1,0,0,1,0,0,0
1400000US33009960100,33009960100,"Census Tract 9601, Grafton County, New Hampshire",5911,5830,5708,26,40,40,0,0,16,0,16,81,81,0,0,0,0,0,0,0,0
1400000US33009960200,33009960200,"Census Tract 9602, Grafton County, New Hampshire",4269,4208,4085,0,85,14,3,0,21,0,21,61,31,0,0,22,0,0,8,0,8
1400000US33009960300,33009960300,"Census Tract 9603, Grafton County, New Hampshire",4929,4883,4799,0,8,22,0,8,46,0,46,46,35,0,0,0,0,0,11,11,0
1400000US33009960400,33009960400,"Census Tract 9604, Grafton County, New Hampshire",3506,3429,3287,7,0,85,0,0,50,0,50,77,77,0,0,0,0,0,0,0,0
1400000US33009960500,33009960500,"Census Tract 9605, Grafton County, New Hampshire",2462,2403,2331,8,13,12,4,0,35,0,35,59,54,0,0,0,0,0,5,0,5
1400000US33009960600,33009960600,"Census Tract 9606, Grafton County, New Hampshire",4610,4519,4400,7,0,28,0,0,84,0,84,91,88,0,0,0,0,3,0,0,0
1400000US33009960700,33009960700,"Census Tract 9607, Grafton County, New Hampshire",3275,3207,2961,43,11,183,0,0,9,0,9,68,30,0,5,0,0,30,3,3,0
1400000US33009960800,33009960800,"Census Tract 9608, Grafton County, New Hampshire",4991,4990,4740,1,0,40,2,0,207,0,207,1,1,0,0,0,0,0,0,0,0
1400000US33009960900,33009960900,"Census Tract 9609, Grafton County, New Hampshire",3188,3021,2920,8,10,45,0,0,38,0,38,167,99,12,0,0,0,9,47,0,47
1400000US33009961000,33009961000,"Census Tract 9610, Grafton County, New Hampshire",6690,6494,6039,79,0,157,12,0,207,31,176,196,75,121,0,0,0,0,0,0,0
1400000US33009961100,33009961100,"Census Tract 9611, Grafton County, New Hampshire",4538,4491,4314,97,12,0,0,0,68,5,63,47,47,0,0,0,0,0,0,0,0
1400000US33009961200,33009961200,"Census Tract 9612, Grafton County, New Hampshire",4075,4053,4007,0,0,10,0,0,36,7,29,22,22,0,0,0,0,0,0,0,0
1400000US33009961300,33009961300,"Census Tract 9613, Grafton County, New Hampshire",3427,3369,3227,78,0,40,1,3,20,0,20,58,9,10,16,0,0,4,19,9,10
1400000US33009961400,33009961400,"Census Tract 9614, Grafton County, New Hampshire",3898,3854,3704,5,0,0,0,0,145,0,145,44,17,6,0,0,0,7,14,7,7
1400000US33009961500,33009961500,"Census Tract 9615, Grafton County, New Hampshire",4539,4522,4519,3,0,0,0,0,0,0,0,17,0,17,0,0,0,0,0,0,0
1400000US33009961601,33009961601,"Census Tract 9616.01, Grafton County, New Hampshire",2933,2901,2515,24,5,226,0,0,131,5,126,32,32,0,0,0,0,0,0,0,0
1400000US33009961602,33009961602,"Census Tract 9616.02, Grafton County, New Hampshire",8495,8174,6629,228,16,1056,9,18,218,7,211,321,220,4,4,3,0,20,70,11,59
1400000US33009961700,33009961700,"Census Tract 9617, Grafton County, New Hampshire",7822,7335,6179,207,170,637,15,0,127,0,127,487,324,17,0,0,0,71,75,33,42
1400000US33009961800,33009961800,"Census Tract 9618, Grafton County, New Hampshire",5722,5613,5075,80,0,403,0,0,55,0,55,109,66,0,20,0,0,23,0,0,0
1400000US33011000101,33011000101,"Census Tract 1.01, Hillsborough County, New Hampshire",2954,2797,2601,63,0,51,0,0,82,0,82,157,141,8,0,0,0,8,0,0,0
1400000US33011000102,33011000102,"Census Tract 1.02, Hillsborough County, New Hampshire",5201,5096,4148,182,9,675,0,0,82,8,74,105,74,14,0,0,0,17,0,0,0
1400000US33011000202,33011000202,"Census Tract 2.02, Hillsborough County, New Hampshire",2439,2278,2185,37,12,16,0,0,28,0,28,161,140,13,0,0,0,8,0,0,0
1400000US33011000203,33011000203,"Census Tract 2.03, Hillsborough County, New Hampshire",3464,3318,2856,205,0,204,0,0,53,0,53,146,93,0,0,0,0,0,53,14,39
1400000US33011000204,33011000204,"Census Tract 2.04, Hillsborough County, New Hampshire",5237,4881,3859,276,0,699,0,0,47,0,47,356,186,21,0,0,0,57,92,29,63
1400000US33011000300,33011000300,"Census Tract 3, Hillsborough County, New Hampshire",2804,2580,2490,63,21,0,0,0,6,0,6,224,214,0,0,0,0,10,0,0,0
1400000US33011000600,33011000600,"Census Tract 6, Hillsborough County, New Hampshire",2056,2034,1887,49,0,75,0,0,23,0,23,22,0,8,0,0,0,14,0,0,0
1400000US33011000700,33011000700,"Census Tract 7, Hillsborough County, New Hampshire",3028,2943,2826,37,9,38,0,0,33,0,33,85,85,0,0,0,0,0,0,0,0
1400000US33011000800,33011000800,"Census Tract 8, Hillsborough County, New Hampshire",2456,2215,1997,71,9,19,0,4,115,0,115,241,162,59,4,0,0,9,7,0,7
1400000US33011000901,33011000901,"Census Tract 9.01, Hillsborough County, New Hampshire",3325,3102,2858,157,0,12,0,0,75,0,75,223,223,0,0,0,0,0,0,0,0
1400000US33011000902,33011000902,"Census Tract 9.02, Hillsborough County, New Hampshire",5983,5632,4693,482,0,328,16,19,94,0,94,351,204,128,0,0,0,0,19,19,0
1400000US33011001000,33011001000,"Census Tract 10, Hillsborough County, New Hampshire",5886,5835,5456,14,0,230,0,0,135,0,135,51,7,0,0,0,0,44,0,0,0
1400000US33011001100,33011001100,"Census Tract 11, Hillsborough County, New Hampshire",5300,5130,4470,473,0,91,0,39,57,0,57,170,126,0,0,0,0,44,0,0,0
1400000US33011001200,33011001200,"Census Tract 12, Hillsborough County, New Hampshire",1959,1774,1607,124,0,17,0,7,19,7,12,185,174,0,0,0,0,11,0,0,0
1400000US33011001300,33011001300,"Census Tract 13, Hillsborough County, New Hampshire",2805,2249,1842,178,0,168,0,18,43,21,22,556,528,1,0,0,0,18,9,9,0
1400000US33011001400,33011001400,"Census Tract 14, Hillsborough County, New Hampshire",2236,1760,1316,264,22,116,0,9,33,6,27,476,295,50,5,0,0,126,0,0,0
1400000US33011001500,33011001500,"Census Tract 15, Hillsborough County, New Hampshire",2708,1991,1496,221,0,191,0,0,83,0,83,717,668,0,0,0,0,37,12,0,12
1400000US33011001600,33011001600,"Census Tract 16, Hillsborough County, New Hampshire",4860,3961,2916,266,27,663,0,0,89,0,89,899,625,119,0,0,0,65,90,33,57
1400000US33011001700,33011001700,"Census Tract 17, Hillsborough County, New Hampshire",2160,1419,1261,20,0,69,0,12,57,5,52,741,671,0,0,0,0,70,0,0,0
1400000US33011001800,33011001800,"Census Tract 18, Hillsborough County, New Hampshire",5729,5398,4912,79,0,103,0,0,304,0,304,331,191,0,0,0,0,55,85,48,37
1400000US33011001900,33011001900,"Census Tract 19, Hillsborough County, New Hampshire",3136,2449,2060,284,8,88,0,0,9,0,9,687,495,0,0,0,0,192,0,0,0
1400000US33011002000,33011002000,"Census Tract 20, Hillsborough County, New Hampshire",2005,1542,1149,188,0,165,0,5,35,0,35,463,399,9,0,0,0,46,9,9,0
1400000US33011002100,33011002100,"Census Tract 21, Hillsborough County, New Hampshire",5191,4446,3620,388,10,283,0,0,145,0,145,745,508,0,0,0,0,221,16,0,16
1400000US33011002200,33011002200,"Census Tract 22, Hillsborough County, New Hampshire",3206,2964,2941,8,0,15,0,0,0,0,0,242,235,0,0,0,0,7,0,0,0
1400000US33011002300,33011002300,"Census Tract 23, Hillsborough County, New Hampshire",3551,3391,3051,172,0,102,0,23,43,0,43,160,160,0,0,0,0,0,0,0,0
1400000US33011002400,33011002400,"Census Tract 24, Hillsborough County, New Hampshire",6980,6011,5503,217,0,163,0,0,128,0,128,969,416,362,0,0,0,94,97,62,35
1400000US33011002500,33011002500,"Census Tract 25, Hillsborough County, New Hampshire",5477,5361,4829,81,0,186,0,0,265,0,265,116,116,0,0,0,0,0,0,0,0
1400000US33011002600,33011002600,"Census Tract 26, Hillsborough County, New Hampshire",5954,5540,5040,1,0,459,0,0,40,0,40,414,353,0,0,0,0,0,61,14,47
1400000US33011002701,33011002701,"Census Tract 27.01, Hillsborough County, New Hampshire",3673,3622,3587,0,0,12,0,0,23,0,23,51,51,0,0,0,0,0,0,0,0
1400000US33011002702,33011002702,"Census Tract 27.02, Hillsborough County, New Hampshire",6112,6041,5892,32,5,44,0,0,68,0,68,71,71,0,0,0,0,0,0,0,0
1400000US33011002800,33011002800,"Census Tract 28, Hillsborough County, New Hampshire",8114,7858,7654,85,0,25,0,19,75,6,69,256,120,30,0,0,55,37,14,14,0
1400000US33011002901,33011002901,"Census Tract 29.01, Hillsborough County, New Hampshire",7569,7310,6770,261,0,254,0,0,25,0,25,259,180,0,0,0,0,15,64,12,52
1400000US33011002902,33011002902,"Census Tract 29.02, Hillsborough County, New Hampshire",6355,6165,5966,58,0,47,0,0,94,0,94,190,113,16,0,61,0,0,0,0,0
1400000US33011002903,33011002903,"Census Tract 29.03, Hillsborough County, New Hampshire",8095,7845,7393,0,0,246,0,0,206,0,206,250,231,19,0,0,0,0,0,0,0
1400000US33011010100,33011010100,"Census Tract 101, Hillsborough County, New Hampshire",4967,4444,4046,96,0,250,0,0,52,0,52,523,488,8,0,0,0,0,27,7,20
1400000US33011010200,33011010200,"Census Tract 102, Hillsborough County, New Hampshire",7624,6947,5896,147,0,755,0,39,110,54,56,677,440,22,0,0,0,195,20,20,0
1400000US33011010301,33011010301,"Census Tract 103.01, Hillsborough County, New Hampshire",4448,4238,3700,0,3,322,0,8,205,0,205,210,210,0,0,0,0,0,0,0,0
1400000US33011010302,33011010302,"Census Tract 103.02, Hillsborough County, New Hampshire",4254,3847,3287,293,0,239,0,7,21,0,21,407,407,0,0,0,0,0,0,0,0
1400000US33011010400,33011010400,"Census Tract 104, Hillsborough County, New Hampshire",5174,4800,4419,71,0,106,0,0,204,0,204,374,257,0,0,24,0,65,28,28,0
1400000US33011010500,33011010500,"Census Tract 105, Hillsborough County, New Hampshire",3971,2846,2437,153,11,67,8,0,170,0,170,1125,982,8,0,0,0,37,98,0,98
1400000US33011010600,33011010600,"Census Tract 106, Hillsborough County, New Hampshire",5576,4226,3694,290,0,178,0,0,64,0,64,1350,430,545,0,0,0,166,209,42,167
1400000US33011010700,33011010700,"Census Tract 107, Hillsborough County, New Hampshire",1491,1228,1059,99,0,11,0,6,53,5,48,263,138,0,7,0,0,35,83,0,83
1400000US33011010800,33011010800,"Census Tract 108, Hillsborough County, New Hampshire",7714,4953,3951,166,95,199,0,0,542,0,542,2761,2262,157,0,0,0,196,146,111,35
1400000US33011010900,33011010900,"Census Tract 109, Hillsborough County, New Hampshire",7060,5760,5227,149,0,95,15,21,253,0,253,1300,1082,0,0,0,0,218,0,0,0
1400000US33011011000,33011011000,"Census Tract 110, Hillsborough County, New Hampshire",4902,4575,4219,90,0,151,0,0,115,0,115,327,200,13,0,0,0,49,65,30,35
1400000US33011011101,33011011101,"Census Tract 111.01, Hillsborough County, New Hampshire",3498,3384,2304,109,3,805,0,26,137,39,98,114,95,0,0,0,0,8,11,0,11
1400000US33011011102,33011011102,"Census Tract 111.02, Hillsborough County, New Hampshire",3118,2879,1859,97,11,812,9,17,74,12,62,239,207,0,0,0,0,0,32,0,32
1400000US33011011200,33011011200,"Census Tract 112, Hillsborough County, New Hampshire",6787,6392,4767,398,0,1162,0,0,65,0,65,395,264,0,0,0,0,51,80,0,80
1400000US33011011300,33011011300,"Census Tract 113, Hillsborough County, New Hampshire",4591,4470,3991,101,7,141,0,20,210,0,210,121,96,0,0,0,0,19,6,0,6
1400000US33011011401,33011011401,"Census Tract 114.01, Hillsborough County, New Hampshire",5294,4921,4022,100,0,751,0,0,48,0,48,373,204,0,0,0,0,92,77,77,0
1400000US33011011402,33011011402,"Census Tract 114.02, Hillsborough County, New Hampshire",5004,4676,3783,164,0,661,0,6,62,0,62,328,232,0,0,8,0,70,18,18,0
1400000US33011011500,33011011500,"Census Tract 115, Hillsborough County, New Hampshire",2169,2053,1960,0,0,76,0,0,17,0,17,116,18,0,0,0,0,0,98,0,98
1400000US33011012100,33011012100,"Census Tract 121, Hillsborough County, New Hampshire",8221,8206,7784,111,0,216,0,0,95,0,95,15,15,0,0,0,0,0,0,0,0
1400000US33011012200,33011012200,"Census Tract 122, Hillsborough County, New Hampshire",7665,7045,6803,43,0,82,15,30,72,0,72,620,511,25,0,0,0,72,12,12,0
1400000US33011012300,33011012300,"Census Tract 123, Hillsborough County, New Hampshire",8972,8907,8421,61,0,338,0,18,69,0,69,65,25,0,0,0,0,12,28,28,0
1400000US33011013100,33011013100,"Census Tract 131, Hillsborough County, New Hampshire",8424,8396,8246,0,47,52,0,0,51,8,43,28,28,0,0,0,0,0,0,0,0
1400000US33011014100,33011014100,"Census Tract 141, Hillsborough County, New Hampshire",5521,5456,5213,0,24,92,0,0,127,0,127,65,65,0,0,0,0,0,0,0,0
1400000US33011014201,33011014201,"Census Tract 142.01, Hillsborough County, New Hampshire",5863,5581,5384,47,0,50,0,15,85,0,85,282,119,8,0,0,0,44,111,104,7
1400000US33011014202,33011014202,"Census Tract 142.02, Hillsborough County, New Hampshire",6278,6278,5903,73,0,154,0,89,59,0,59,0,0,0,0,0,0,0,0,0,0
1400000US33011014300,33011014300,"Census Tract 143, Hillsborough County, New Hampshire",7904,7780,7372,97,0,257,21,0,33,0,33,124,124,0,0,0,0,0,0,0,0
1400000US33011015100,33011015100,"Census Tract 151, Hillsborough County, New Hampshire",4999,4894,4561,87,0,71,0,13,162,0,162,105,35,20,0,0,0,18,32,0,32
1400000US33011015200,33011015200,"Census Tract 152, Hillsborough County, New Hampshire",6242,6222,6032,0,0,60,0,27,103,0,103,20,20,0,0,0,0,0,0,0,0
1400000US33011016100,33011016100,"Census Tract 161, Hillsborough County, New Hampshire",3233,2973,2651,100,0,187,0,0,35,0,35,260,108,0,0,0,0,131,21,0,21
1400000US33011016201,33011016201,"Census Tract 162.01, Hillsborough County, New Hampshire",7036,6884,6106,70,0,352,0,328,28,0,28,152,83,52,0,0,0,17,0,0,0
1400000US33011016202,33011016202,"Census Tract 162.02, Hillsborough County, New Hampshire",5019,4929,4714,78,0,47,0,0,90,0,90,90,90,0,0,0,0,0,0,0,0
1400000US33011017100,33011017100,"Census Tract 171, Hillsborough County, New Hampshire",7779,7769,7309,20,0,242,0,27,171,0,171,10,0,10,0,0,0,0,0,0,0
1400000US33011018000,33011018000,"Census Tract 180, Hillsborough County, New Hampshire",5190,5112,5002,0,0,18,0,0,92,0,92,78,78,0,0,0,0,0,0,0,0
1400000US33011018501,33011018501,"Census Tract 185.01, Hillsborough County, New Hampshire",1972,1972,1925,0,0,0,0,0,47,0,47,0,0,0,0,0,0,0,0,0,0
1400000US33011018502,33011018502,"Census Tract 185.02, Hillsborough County, New Hampshire",1489,1430,1384,0,0,16,0,0,30,0,30,59,43,0,0,0,0,8,8,8,0
1400000US33011019000,33011019000,"Census Tract 190, Hillsborough County, New Hampshire",3686,3653,3539,22,0,36,0,0,56,0,56,33,33,0,0,0,0,0,0,0,0
1400000US33011019501,33011019501,"Census Tract 195.01, Hillsborough County, New Hampshire",1771,1747,1703,18,0,12,0,3,11,0,11,24,24,0,0,0,0,0,0,0,0
1400000US33011019502,33011019502,"Census Tract 195.02, Hillsborough County, New Hampshire",2501,2497,2437,0,7,8,0,0,45,0,45,4,4,0,0,0,0,0,0,0,0
1400000US33011020000,33011020000,"Census Tract 200, Hillsborough County, New Hampshire",5503,5444,5380,0,0,8,0,0,56,0,56,59,59,0,0,0,0,0,0,0,0
1400000US33011021000,33011021000,"Census Tract 210, Hillsborough County, New Hampshire",8921,8760,8575,0,0,0,0,70,115,17,98,161,104,12,0,33,0,12,0,0,0
1400000US33011021500,33011021500,"Census Tract 215, Hillsborough County, New Hampshire",4858,4775,4592,34,16,7,0,0,126,0,126,83,74,9,0,0,0,0,0,0,0
1400000US33011022000,33011022000,"Census Tract 220, Hillsborough County, New Hampshire",1748,1725,1647,4,6,21,0,0,47,0,47,23,23,0,0,0,0,0,0,0,0
1400000US33011022500,33011022500,"Census Tract 225, Hillsborough County, New Hampshire",6946,6812,6700,0,0,9,0,0,103,0,103,134,109,0,0,0,0,0,25,0,25
1400000US33011023000,33011023000,"Census Tract 230, Hillsborough County, New Hampshire",6450,6324,6281,0,0,37,0,0,6,0,6,126,126,0,0,0,0,0,0,0,0
1400000US33011024000,33011024000,"Census Tract 240, Hillsborough County, New Hampshire",1861,1850,1809,6,0,15,0,5,15,0,15,11,11,0,0,0,0,0,0,0,0
1400000US33011025000,33011025000,"Census Tract 250, Hillsborough County, New Hampshire",2653,2646,2562,16,17,0,0,0,51,0,51,7,7,0,0,0,0,0,0,0,0
1400000US33011025500,33011025500,"Census Tract 255, Hillsborough County, New Hampshire",6182,6182,5981,3,0,19,0,0,179,0,179,0,0,0,0,0,0,0,0,0,0
1400000US33011200100,33011200100,"Census Tract 2001, Hillsborough County, New Hampshire",4894,4837,4643,8,0,105,0,0,81,0,81,57,49,8,0,0,0,0,0,0,0
1400000US33011200200,33011200200,"Census Tract 2002, Hillsborough County, New Hampshire",4173,4080,3812,0,19,97,0,0,152,0,152,93,62,0,0,0,0,25,6,0,6
1400000US33011200300,33011200300,"Census Tract 2003, Hillsborough County, New Hampshire",4256,4053,3899,53,0,10,0,49,42,0,42,203,203,0,0,0,0,0,0,0,0
1400000US33011200400,33011200400,"Census Tract 2004, Hillsborough County, New Hampshire",2511,2146,2034,45,12,44,0,0,11,0,11,365,309,0,32,0,0,0,24,0,24
1400000US33011980101,33011980101,"Census Tract 9801.01, Hillsborough County, New Hampshire",0,0,0,0,0,0,0,0,0,0,0,0,0,0,0,0,0,0,0,0,0
1400000US33013003001,33013003001,"Census Tract 30.01, Merrimack County, New Hampshire",4246,4163,3935,85,3,40,0,0,100,0,100,83,77,6,0,0,0,0,0,0,0
1400000US33013003006,33013003006,"Census Tract 30.06, Merrimack County, New Hampshire",3835,3575,3553,10,0,8,0,0,4,0,4,260,165,0,0,0,0,82,13,13,0
1400000US33013003100,33013003100,"Census Tract 31, Merrimack County, New Hampshire",4315,4273,4067,39,2,41,0,12,112,0,112,42,41,0,0,0,0,0,1,0,1
1400000US33013003200,33013003200,"Census Tract 32, Merrimack County, New Hampshire",7137,6893,6620,23,0,125,0,0,125,0,125,244,124,0,39,0,0,66,15,0,15
1400000US33013030000,33013030000,"Census Tract 300, Merrimack County, New Hampshire",2788,2705,2637,15,7,22,0,0,24,0,24,83,68,0,0,0,0,0,15,15,0
1400000US33013031001,33013031001,"Census Tract 310.01, Merrimack County, New Hampshire",3759,3611,3562,16,0,10,0,0,23,0,23,148,70,0,14,0,0,64,0,0,0
1400000US33013031002,33013031002,"Census Tract 310.02, Merrimack County, New Hampshire",3933,3933,3757,0,0,101,0,0,75,0,75,0,0,0,0,0,0,0,0,0,0
1400000US33013032100,33013032100,"Census Tract 321, Merrimack County, New Hampshire",3908,3907,3776,31,37,63,0,0,0,0,0,1,1,0,0,0,0,0,0,0,0
1400000US33013032200,33013032200,"Census Tract 322, Merrimack County, New Hampshire",2722,2703,2598,19,0,49,0,0,37,0,37,19,19,0,0,0,0,0,0,0,0
1400000US33013032300,33013032300,"Census Tract 323, Merrimack County, New Hampshire",1649,1579,1344,21,4,119,0,0,91,29,62,70,44,3,0,0,0,23,0,0,0
1400000US33013032400,33013032400,"Census Tract 324, Merrimack County, New Hampshire",3543,3411,3268,61,0,6,0,0,76,0,76,132,96,0,0,0,0,27,9,1,8
1400000US33013032500,33013032500,"Census Tract 325, Merrimack County, New Hampshire",3778,3761,3628,16,5,66,0,0,46,0,46,17,17,0,0,0,0,0,0,0,0
1400000US33013032600,33013032600,"Census Tract 326, Merrimack County, New Hampshire",3778,3561,3231,60,18,4,0,0,248,0,248,217,111,26,12,0,0,8,60,7,53
1400000US33013032701,33013032701,"Census Tract 327.01, Merrimack County, New Hampshire",1658,1645,1590,0,0,27,0,0,28,0,28,13,13,0,0,0,0,0,0,0,0
1400000US33013032706,33013032706,"Census Tract 327.06, Merrimack County, New Hampshire",4110,3977,3840,99,6,0,0,0,32,0,32,133,122,0,0,0,0,11,0,0,0
1400000US33013032800,33013032800,"Census Tract 328, Merrimack County, New Hampshire",4868,4797,4406,0,0,352,0,0,39,0,39,71,71,0,0,0,0,0,0,0,0
1400000US33013032900,33013032900,"Census Tract 329, Merrimack County, New Hampshire",4112,3921,3017,189,0,561,0,0,154,0,154,191,87,0,0,0,0,24,80,0,80
1400000US33013033000,33013033000,"Census Tract 330, Merrimack County, New Hampshire",2590,2550,2495,11,3,14,0,0,27,19,8,40,40,0,0,0,0,0,0,0,0
1400000US33013034000,33013034000,"Census Tract 340, Merrimack County, New Hampshire",4652,4652,4484,0,0,21,0,8,139,0,139,0,0,0,0,0,0,0,0,0,0
1400000US33013035000,33013035000,"Census Tract 350, Merrimack County, New Hampshire",4091,3970,3892,0,0,64,0,0,14,0,14,121,106,0,0,0,0,15,0,0,0
1400000US33013036000,33013036000,"Census Tract 360, Merrimack County, New Hampshire",5403,5403,5295,0,0,0,0,0,108,0,108,0,0,0,0,0,0,0,0,0,0
1400000US33013037000,33013037000,"Census Tract 370, Merrimack County, New Hampshire",2248,2210,2161,21,0,22,0,5,1,0,1,38,38,0,0,0,0,0,0,0,0
1400000US33013038000,33013038000,"Census Tract 380, Merrimack County, New Hampshire",3983,3917,3870,6,0,11,0,0,30,0,30,66,38,0,6,0,0,17,5,0,5
1400000US33013038500,33013038500,"Census Tract 385, Merrimack County, New Hampshire",4759,4711,4579,33,10,0,0,6,83,0,83,48,48,0,0,0,0,0,0,0,0
1400000US33013039000,33013039000,"Census Tract 390, Merrimack County, New Hampshire",5614,5614,5441,39,0,0,0,0,134,0,134,0,0,0,0,0,0,0,0,0,0
1400000US33013040000,33013040000,"Census Tract 400, Merrimack County, New Hampshire",4893,4804,4653,102,0,14,0,20,15,0,15,89,89,0,0,0,0,0,0,0,0
1400000US33013040500,33013040500,"Census Tract 405, Merrimack County, New Hampshire",5504,5434,5278,18,19,43,0,0,76,0,76,70,66,0,4,0,0,0,0,0,0
1400000US33013041000,33013041000,"Census Tract 410, Merrimack County, New Hampshire",4525,4348,4105,81,0,110,0,0,52,18,34,177,160,0,0,0,0,0,17,11,6
1400000US33013041500,33013041500,"Census Tract 415, Merrimack County, New Hampshire",3704,3702,3624,27,2,24,0,6,19,0,19,2,2,0,0,0,0,0,0,0,0
1400000US33013042500,33013042500,"Census Tract 425, Merrimack County, New Hampshire",4045,4015,3892,43,0,46,0,0,34,0,34,30,30,0,0,0,0,0,0,0,0
1400000US33013043001,33013043001,"Census Tract 430.01, Merrimack County, New Hampshire",3842,3701,3667,0,0,0,0,0,34,0,34,141,113,0,0,0,0,28,0,0,0
1400000US33013043002,33013043002,"Census Tract 430.02, Merrimack County, New Hampshire",4649,4523,4406,32,0,13,0,41,31,0,31,126,88,14,0,0,0,3,21,0,21
1400000US33013044000,33013044000,"Census Tract 440, Merrimack County, New Hampshire",4820,4761,4381,86,0,124,0,0,170,0,170,59,44,0,0,0,0,15,0,0,0
1400000US33013044100,33013044100,"Census Tract 441, Merrimack County, New Hampshire",3937,3903,3103,345,7,373,0,7,68,0,68,34,10,0,0,0,0,14,10,10,0
1400000US33013044200,33013044200,"Census Tract 442, Merrimack County, New Hampshire",5906,5804,5533,19,0,62,0,0,190,0,190,102,52,24,0,0,0,0,26,0,26
1400000US33013044300,33013044300,"Census Tract 443, Merrimack County, New Hampshire",4654,4585,4113,193,0,93,0,0,186,4,182,69,69,0,0,0,0,0,0,0,0
1400000US33015003301,33015003301,"Census Tract 33.01, Rockingham County, New Hampshire",4564,4480,4416,0,5,13,0,0,46,0,46,84,60,0,0,0,0,24,0,0,0
1400000US33015003302,33015003302,"Census Tract 33.02, Rockingham County, New Hampshire",5121,4803,4472,28,0,261,0,0,42,0,42,318,237,0,0,0,0,81,0,0,0
1400000US33015003400,33015003400,"Census Tract 34, Rockingham County, New Hampshire",5832,5735,5526,90,0,69,0,0,50,0,50,97,73,0,0,0,0,24,0,0,0
1400000US33015003500,33015003500,"Census Tract 35, Rockingham County, New Hampshire",5294,5142,4995,29,0,11,0,0,107,0,107,152,104,0,0,0,0,16,32,32,0
1400000US33015003601,33015003601,"Census Tract 36.01, Rockingham County, New Hampshire",6618,6468,6444,0,0,0,0,0,24,0,24,150,150,0,0,0,0,0,0,0,0
1400000US33015003602,33015003602,"Census Tract 36.02, Rockingham County, New Hampshire",5883,5839,5667,41,0,83,0,0,48,0,48,44,0,0,0,0,0,44,0,0,0
1400000US33015003701,33015003701,"Census Tract 37.01, Rockingham County, New Hampshire",3814,3650,3529,44,0,36,0,0,41,0,41,164,114,14,0,0,0,36,0,0,0
1400000US33015003703,33015003703,"Census Tract 37.03, Rockingham County, New Hampshire",5606,5557,5245,122,10,118,0,11,51,0,51,49,18,22,0,0,0,9,0,0,0
1400000US33015003801,33015003801,"Census Tract 38.01, Rockingham County, New Hampshire",4097,4006,3831,8,0,93,0,0,74,0,74,91,49,0,0,0,0,42,0,0,0
1400000US33015003802,33015003802,"Census Tract 38.02, Rockingham County, New Hampshire",4098,3857,3740,1,0,82,0,0,34,0,34,241,216,0,0,0,0,17,8,0,8
1400000US33015003901,33015003901,"Census Tract 39.01, Rockingham County, New Hampshire",4293,4136,4018,47,0,15,0,0,56,9,47,157,31,0,37,0,0,89,0,0,0
1400000US33015003902,33015003902,"Census Tract 39.02, Rockingham County, New Hampshire",3206,3170,3106,10,0,7,0,0,47,0,47,36,21,0,0,0,0,0,15,0,15
1400000US33015004000,33015004000,"Census Tract 40, Rockingham County, New Hampshire",5293,5202,5140,0,0,62,0,0,0,0,0,91,91,0,0,0,0,0,0,0,0
1400000US33015050000,33015050000,"Census Tract 500, Rockingham County, New Hampshire",3932,3825,3648,0,0,93,0,0,84,0,84,107,80,0,0,0,0,27,0,0,0
1400000US33015051000,33015051000,"Census Tract 510, Rockingham County, New Hampshire",4935,4734,4573,10,0,53,0,20,78,0,78,201,165,22,0,0,0,14,0,0,0
1400000US33015052000,33015052000,"Census Tract 520, Rockingham County, New Hampshire",6279,6192,6060,21,0,33,0,0,78,0,78,87,87,0,0,0,0,0,0,0,0
1400000US33015053000,33015053000,"Census Tract 530, Rockingham County, New Hampshire",4479,4347,4178,25,0,52,0,0,92,0,92,132,117,0,0,0,0,15,0,0,0
1400000US33015054000,33015054000,"Census Tract 540, Rockingham County, New Hampshire",4589,4540,4417,0,0,81,0,0,42,0,42,49,23,14,0,0,0,12,0,0,0
1400000US33015055001,33015055001,"Census Tract 550.01, Rockingham County, New Hampshire",5747,5738,5623,113,0,0,0,0,2,0,2,9,9,0,0,0,0,0,0,0,0
1400000US33015055002,33015055002,"Census Tract 550.02, Rockingham County, New Hampshire",4577,4315,3975,46,0,73,0,61,160,0,160,262,251,0,0,0,0,11,0,0,0
1400000US33015056000,33015056000,"Census Tract 560, Rockingham County, New Hampshire",4422,4409,4308,41,0,24,0,10,26,0,26,13,13,0,0,0,0,0,0,0,0
1400000US33015057000,33015057000,"Census Tract 570, Rockingham County, New Hampshire",4282,4132,4035,0,0,33,0,0,64,10,54,150,127,0,23,0,0,0,0,0,0
1400000US33015058000,33015058000,"Census Tract 580, Rockingham County, New Hampshire",4962,4925,4911,0,0,0,0,0,14,0,14,37,37,0,0,0,0,0,0,0,0
1400000US33015059000,33015059000,"Census Tract 590, Rockingham County, New Hampshire",6861,6801,6549,27,0,9,0,0,216,0,216,60,60,0,0,0,0,0,0,0,0
1400000US33015060000,33015060000,"Census Tract 600, Rockingham County, New Hampshire",4691,4656,4508,7,0,33,0,22,86,15,71,35,23,5,0,0,0,7,0,0,0
1400000US33015061001,33015061001,"Census Tract 610.01, Rockingham County, New Hampshire",6817,6709,6427,37,0,73,0,0,172,0,172,108,108,0,0,0,0,0,0,0,0
1400000US33015062000,33015062000,"Census Tract 620, Rockingham County, New Hampshire",2465,2388,2375,0,0,0,0,0,13,0,13,77,77,0,0,0,0,0,0,0,0
1400000US33015062500,33015062500,"Census Tract 625, Rockingham County, New Hampshire",2988,2925,2849,12,0,19,0,0,45,0,45,63,54,0,5,0,0,4,0,0,0
1400000US33015063001,33015063001,"Census Tract 630.01, Rockingham County, New Hampshire",3961,3879,3763,0,0,71,0,0,45,11,34,82,82,0,0,0,0,0,0,0,0
1400000US33015063002,33015063002,"Census Tract 630.02, Rockingham County, New Hampshire",4873,4873,4716,0,0,98,0,22,37,16,21,0,0,0,0,0,0,0,0,0,0
1400000US33015064000,33015064000,"Census Tract 640, Rockingham County, New Hampshire",2336,2336,2248,6,8,33,0,0,41,0,41,0,0,0,0,0,0,0,0,0,0
1400000US33015065001,33015065001,"Census Tract 650.01, Rockingham County, New Hampshire",8130,8080,7529,1,14,347,0,0,189,1,188,50,38,0,0,0,0,12,0,0,0
1400000US33015065005,33015065005,"Census Tract 650.05, Rockingham County, New Hampshire",2542,2527,2438,0,0,60,0,0,29,0,29,15,15,0,0,0,0,0,0,0,0
1400000US33015065006,33015065006,"Census Tract 650.06, Rockingham County, New Hampshire",1480,1466,1431,0,0,27,0,0,8,0,8,14,0,0,0,0,0,14,0,0,0
1400000US33015065007,33015065007,"Census Tract 650.07, Rockingham County, New Hampshire",1479,1466,1417,15,0,0,0,0,34,0,34,13,9,0,0,0,0,4,0,0,0
1400000US33015065008,33015065008,"Census Tract 650.08, Rockingham County, New Hampshire",1691,1656,1616,5,0,28,0,0,7,0,7,35,30,0,5,0,0,0,0,0,0
1400000US33015066000,33015066000,"Census Tract 660, Rockingham County, New Hampshire",4428,4275,4066,91,0,55,0,0,63,0,63,153,29,0,0,0,0,124,0,0,0
1400000US33015067000,33015067000,"Census Tract 670, Rockingham County, New Hampshire",7372,7292,6926,2,0,227,0,0,137,0,137,80,77,1,0,0,0,0,2,2,0
1400000US33015067501,33015067501,"Census Tract 675.01, Rockingham County, New Hampshire",7251,6964,6694,45,6,93,0,10,116,0,116,287,30,0,0,0,0,20,237,208,29
1400000US33015067502,33015067502,"Census Tract 675.02, Rockingham County, New Hampshire",3285,3229,2915,34,9,270,0,0,1,0,1,56,56,0,0,0,0,0,0,0,0
1400000US33015069100,33015069100,"Census Tract 691, Rockingham County, New Hampshire",4106,3981,3776,41,18,70,0,0,76,0,76,125,92,14,0,0,0,0,19,19,0
1400000US33015069200,33015069200,"Census Tract 692, Rockingham County, New Hampshire",2840,2832,2571,143,0,48,0,0,70,0,70,8,0,0,0,0,0,8,0,0,0
1400000US33015069300,33015069300,"Census Tract 693, Rockingham County, New Hampshire",2240,2173,2073,34,0,42,0,0,24,0,24,67,67,0,0,0,0,0,0,0,0
1400000US33015069700,33015069700,"Census Tract 697, Rockingham County, New Hampshire",3510,3435,3096,94,0,71,0,0,174,0,174,75,61,7,0,0,0,7,0,0,0
1400000US33015071000,33015071000,"Census Tract 710, Rockingham County, New Hampshire",5401,5354,5188,13,0,48,0,0,105,0,105,47,47,0,0,0,0,0,0,0,0
1400000US33015100100,33015100100,"Census Tract 1001, Rockingham County, New Hampshire",7218,7061,6816,0,16,74,0,0,155,0,155,157,115,0,0,0,0,19,23,23,0
1400000US33015100200,33015100200,"Census Tract 1002, Rockingham County, New Hampshire",5515,5431,5261,18,0,135,0,0,17,0,17,84,25,59,0,0,0,0,0,0,0
1400000US33015100301,33015100301,"Census Tract 1003.01, Rockingham County, New Hampshire",4429,4228,4049,10,7,105,0,0,57,0,57,201,130,0,0,0,0,32,39,39,0
1400000US33015100302,33015100302,"Census Tract 1003.02, Rockingham County, New Hampshire",4448,3522,3169,20,0,246,0,0,87,0,87,926,598,0,0,0,0,282,46,0,46
1400000US33015100400,33015100400,"Census Tract 1004, Rockingham County, New Hampshire",7341,6861,6479,46,0,256,0,0,80,0,80,480,366,0,0,0,0,98,16,0,16
1400000US33015101100,33015101100,"Census Tract 1011, Rockingham County, New Hampshire",7642,7412,7159,30,14,68,0,0,141,0,141,230,156,0,0,0,0,0,74,17,57
1400000US33015102100,33015102100,"Census Tract 1021, Rockingham County, New Hampshire",4824,4700,4609,29,0,39,0,0,23,0,23,124,77,0,0,0,0,47,0,0,0
1400000US33015103100,33015103100,"Census Tract 1031, Rockingham County, New Hampshire",6839,6629,6472,0,0,127,0,0,30,0,30,210,103,0,0,0,0,107,0,0,0
1400000US33015104101,33015104101,"Census Tract 1041.01, Rockingham County, New Hampshire",4757,4545,4469,22,9,15,0,0,30,0,30,212,211,0,0,0,0,1,0,0,0
1400000US33015104102,33015104102,"Census Tract 1041.02, Rockingham County, New Hampshire",3844,3698,3523,38,0,98,0,0,39,11,28,146,107,0,0,0,0,39,0,0,0
1400000US33015105100,33015105100,"Census Tract 1051, Rockingham County, New Hampshire",6141,6111,5827,0,198,38,0,0,48,0,48,30,30,0,0,0,0,0,0,0,0
1400000US33015106101,33015106101,"Census Tract 1061.01, Rockingham County, New Hampshire",7512,7237,6724,68,0,288,0,0,157,1,156,275,275,0,0,0,0,0,0,0,0
1400000US33015106102,33015106102,"Census Tract 1061.02, Rockingham County, New Hampshire",6832,6670,6317,47,0,215,0,0,91,0,91,162,146,0,0,0,0,0,16,16,0
1400000US33015106200,33015106200,"Census Tract 1062, Rockingham County, New Hampshire",3820,3689,3544,67,0,44,0,0,34,0,34,131,37,73,0,0,0,21,0,0,0
1400000US33015106400,33015106400,"Census Tract 1064, Rockingham County, New Hampshire",4097,4043,3923,15,0,23,0,18,64,0,64,54,54,0,0,0,0,0,0,0,0
1400000US33015107100,33015107100,"Census Tract 1071, Rockingham County, New Hampshire",2601,2389,1997,69,0,144,0,0,179,0,179,212,86,0,0,0,0,126,0,0,0
1400000US33015107200,33015107200,"Census Tract 1072, Rockingham County, New Hampshire",6109,5929,4986,194,0,620,0,0,129,0,129,180,152,0,0,0,0,3,25,25,0
1400000US33015107400,33015107400,"Census Tract 1074, Rockingham County, New Hampshire",1155,1138,1026,10,0,82,0,8,12,0,12,17,0,0,0,0,0,5,12,12,0
1400000US33015107500,33015107500,"Census Tract 1075, Rockingham County, New Hampshire",4685,4633,4398,17,0,177,0,0,41,0,41,52,47,0,0,0,0,5,0,0,0
1400000US33015980011,33015980011,"Census Tract 9800.11, Rockingham County, New Hampshire",0,0,0,0,0,0,0,0,0,0,0,0,0,0,0,0,0,0,0,0,0
1400000US33015990000,33015990000,"Census Tract 9900, Rockingham County, New Hampshire",0,0,0,0,0,0,0,0,0,0,0,0,0,0,0,0,0,0,0,0,0
1400000US33017080100,33017080100,"Census Tract 801, Strafford County, New Hampshire",2881,2881,2701,0,0,83,0,0,97,0,97,0,0,0,0,0,0,0,0,0,0
1400000US33017080202,33017080202,"Census Tract 802.02, Strafford County, New Hampshire",2694,2667,2547,0,0,57,0,0,63,0,63,27,27,0,0,0,0,0,0,0,0
1400000US33017080203,33017080203,"Census Tract 802.03, Strafford County, New Hampshire",5914,5724,4998,54,0,468,0,34,170,0,170,190,164,4,0,10,0,12,0,0,0
1400000US33017080204,33017080204,"Census Tract 802.04, Strafford County, New Hampshire",4659,4577,4276,60,0,106,0,15,120,9,111,82,41,0,0,0,0,8,33,0,33
1400000US33017080500,33017080500,"Census Tract 805, Strafford County, New Hampshire",6281,6075,5647,3,2,329,0,0,94,0,94,206,143,0,0,52,0,11,0,0,0
1400000US33017081100,33017081100,"Census Tract 811, Strafford County, New Hampshire",7114,6958,6176,222,0,351,0,0,209,0,209,156,124,32,0,0,0,0,0,0,0
1400000US33017081200,33017081200,"Census Tract 812, Strafford County, New Hampshire",4561,4526,4293,0,0,177,0,5,51,0,51,35,35,0,0,0,0,0,0,0,0
1400000US33017081300,33017081300,"Census Tract 813, Strafford County, New Hampshire",4563,4467,4235,0,11,112,0,0,109,0,109,96,67,0,0,0,0,29,0,0,0
1400000US33017081400,33017081400,"Census Tract 814, Strafford County, New Hampshire",2014,1987,1614,21,4,103,0,0,245,0,245,27,27,0,0,0,0,0,0,0,0
1400000US33017081500,33017081500,"Census Tract 815, Strafford County, New Hampshire",5644,5424,4779,19,5,551,0,0,70,41,29,220,219,0,0,0,0,1,0,0,0
1400000US33017081600,33017081600,"Census Tract 816, Strafford County, New Hampshire",7005,6849,6366,69,6,274,0,0,134,0,134,156,134,0,0,0,0,22,0,0,0
1400000US33017082000,33017082000,"Census Tract 820, Strafford County, New Hampshire",2529,2431,2313,62,3,0,0,0,53,0,53,98,93,5,0,0,0,0,0,0,0
1400000US33017083001,33017083001,"Census Tract 830.01, Strafford County, New Hampshire",7109,6712,5908,129,0,470,0,0,205,0,205,397,212,0,0,24,0,128,33,13,20
1400000US33017083002,33017083002,"Census Tract 830.02, Strafford County, New Hampshire",4688,4632,3909,126,0,380,0,26,191,125,66,56,22,0,0,0,0,32,2,2,0
1400000US33017084100,33017084100,"Census Tract 841, Strafford County, New Hampshire",4643,4555,4332,0,0,144,0,0,79,0,79,88,0,0,0,0,0,26,62,62,0
1400000US33017084200,33017084200,"Census Tract 842, Strafford County, New Hampshire",7718,7718,7443,134,20,79,0,0,42,0,42,0,0,0,0,0,0,0,0,0,0
1400000US33017084300,33017084300,"Census Tract 843, Strafford County, New Hampshire",6917,6778,6261,72,0,128,0,0,317,34,283,139,103,0,0,0,0,36,0,0,0
1400000US33017084400,33017084400,"Census Tract 844, Strafford County, New Hampshire",3978,3689,3529,20,0,0,0,0,140,0,140,289,282,0,0,0,0,7,0,0,0
1400000US33017084500,33017084500,"Census Tract 845, Strafford County, New Hampshire",4107,4056,3948,1,0,0,0,5,102,0,102,51,40,0,0,11,0,0,0,0,0
1400000US33017084600,33017084600,"Census Tract 846, Strafford County, New Hampshire",2849,2849,2785,0,0,57,0,0,7,0,7,0,0,0,0,0,0,0,0,0,0
1400000US33017085000,33017085000,"Census Tract 850, Strafford County, New Hampshire",8841,8694,8416,0,8,167,0,0,103,0,103,147,147,0,0,0,0,0,0,0,0
1400000US33017086000,33017086000,"Census Tract 860, Strafford County, New Hampshire",4057,3829,3749,23,0,5,0,0,52,0,52,228,197,15,0,16,0,0,0,0,0
1400000US33017087000,33017087000,"Census Tract 870, Strafford County, New Hampshire",6834,6771,6693,0,0,0,0,0,78,0,78,63,63,0,0,0,0,0,0,0,0
1400000US33017088000,33017088000,"Census Tract 880, Strafford County, New Hampshire",4602,4586,4502,14,0,0,0,0,70,0,70,16,16,0,0,0,0,0,0,0,0
1400000US33017088500,33017088500,"Census Tract 885, Strafford County, New Hampshire",4350,4325,4234,12,0,0,0,0,79,0,79,25,21,0,0,0,0,0,4,4,0
1400000US33019975100,33019975100,"Census Tract 9751, Sullivan County, New Hampshire",4216,4199,4015,18,8,89,0,0,69,0,69,17,9,0,5,0,0,3,0,0,0
1400000US33019975200,33019975200,"Census Tract 9752, Sullivan County, New Hampshire",4761,4743,4682,0,11,0,0,0,50,0,50,18,17,0,0,1,0,0,0,0,0
1400000US33019975300,33019975300,"Census Tract 9753, Sullivan County, New Hampshire",3404,3393,3308,35,0,24,0,0,26,0,26,11,11,0,0,0,0,0,0,0,0
1400000US33019975400,33019975400,"Census Tract 9754, Sullivan County, New Hampshire",6385,6348,5974,2,112,56,0,0,204,0,204,37,35,0,0,0,0,0,2,2,0
1400000US33019975500,33019975500,"Census Tract 9755, Sullivan County, New Hampshire",2855,2797,2638,29,3,20,0,2,105,0,105,58,27,0,0,0,0,13,18,18,0
1400000US33019975600,33019975600,"Census Tract 9756, Sullivan County, New Hampshire",3416,3363,3212,34,2,26,0,0,89,0,89,53,23,0,0,0,0,25,5,0,5
1400000US33019975700,33019975700,"Census Tract 9757, Sullivan County, New Hampshire",5008,4895,4817,0,9,0,0,0,69,0,69,113,113,0,0,0,0,0,0,0,0
1400000US33019975800,33019975800,"Census Tract 9758, Sullivan County, New Hampshire",5138,5023,4904,26,0,0,18,0,75,0,75,115,115,0,0,0,0,0,0,0,0
1400000US33019975901,33019975901,"Census Tract 9759.01, Sullivan County, New Hampshire",4308,4308,4223,40,0,18,0,0,27,0,27,0,0,0,0,0,0,0,0,0,0
1400000US33019975902,33019975902,"Census Tract 9759.02, Sullivan County, New Hampshire",3582,3384,3332,0,0,33,0,0,19,0,19,198,146,52,0,0,0,0,0,0,0